Jedra (p),Zagon 1 [s],Zagon 2 [s],Zagon 3 [s],Povprečje T(p) [s],Std [s],Pospešek S(p),Idealni pospešek,Karp-Flatt e,Strani,Zadetki
1,69.72,51.47,60.90,60.70,9.12,1.0000,1.0,0.000000,101,25
2,32.23,13.54,13.51,19.76,10.80,3.0712,2.0,-0.348799,101,33
4,21.59,7.96,7.78,12.44,7.92,4.8786,4.0,-0.060033,101,58
8,11.67,5.22,5.14,7.34,3.75,8.2659,8.0,-0.004596,101,74
16,17.35,5.58,4.72,9.22,7.06,6.5855,16.0,0.095306,101,64
