Jedra (p),Zagon 1 [s],Zagon 2 [s],Zagon 3 [s],Povprečje T(p) [s],Std [s],Pospešek S(p),Idealni pospešek,Karp-Flatt e,Strani,Zadetki
1,48.51,41.27,31.39,40.39,8.59,1.0000,1.0,0.000000,51,25
2,17.29,6.31,6.17,9.92,6.38,4.0707,2.0,-0.508688,51,33
4,13.04,4.57,4.80,7.47,4.83,5.4075,4.0,-0.086761,51,29
8,9.76,3.45,3.27,5.49,3.69,7.3542,8.0,0.012544,51,35
