Jedra (p),Zagon 1 [s],Zagon 2 [s],Zagon 3 [s],Povprečje T(p) [s],Std [s],Pospešek S(p),Idealni pospešek,Karp-Flatt e,Strani,Zadetki
1,33.99,10.52,11.48,18.66,13.28,1.0000,1.0,0.000000,51,25
2,14.60,6.49,6.35,9.15,4.73,2.0406,2.0,-0.019875,51,33
4,8.96,4.78,4.63,6.12,2.45,3.0479,4.0,0.104125,51,29
8,8.38,3.04,3.06,4.83,3.08,3.8667,8.0,0.152711,51,35
