Jedra (p),Zagon 1 [s],Zagon 2 [s],Zagon 3 [s],Povprečje T(p) [s],Std [s],Pospešek S(p),Idealni pospešek,Karp-Flatt e,Strani,Zadetki
1,14.03,5.17,5.19,8.13,5.11,1.0000,1.0,0.000000,101,25
2,7.95,5.15,4.81,5.97,1.72,1.3619,2.0,0.468529,101,33
4,4.28,7.30,4.27,5.28,1.74,1.5391,4.0,0.532989,101,24
8,7.16,4.84,4.30,5.43,1.52,1.4963,8.0,0.620918,101,57
16,6.69,9.74,4.53,6.99,2.62,1.1639,16.0,0.849808,54,0
