Jedra (p),Zagon 1 [s],Zagon 2 [s],Zagon 3 [s],Povprečje T(p) [s],Std [s],Pospešek S(p),Idealni pospešek,Karp-Flatt e,Strani,Zadetki
1,29.52,11.30,11.19,17.34,10.55,1.0000,1.0,0.000000,51,24
2,13.42,6.48,6.69,8.86,3.95,1.9561,2.0,0.022428,51,33
4,8.79,4.62,4.49,5.97,2.45,2.9054,4.0,0.125582,51,29
8,5.49,3.53,3.52,4.18,1.14,4.1477,8.0,0.132681,51,34
